programmation,Backend web,Base de données,Frontend web,
programmation,Aucun,
programmation,Jeux Vidéos,
programmation,Applications mobiles,Frontend web,Backend web,Base de données,
programmation,Backend web,Base de données,Frontend web,
programmation,Backend web,Base de données,Frontend web,
programmation,Backend web,Frontend web,Base de données,Autre,
programmation,Backend web,Frontend web,Base de données,
programmation,Scripting,Backend web,
programmation,Backend web,Base de données,
programmation,Backend web,Frontend web,
programmation,Backend web,Base de données,Frontend web,CMS,
programmation,Frontend web,Backend web,Base de données,
programmation,Applications natives (de bureau),Backend web,Base de données,Frontend web,
programmation,Réalité virtuelle,
programmation,Base de données,Frontend web,
programmation,Backend web,Base de données,Frontend web,
programmation,Applications natives (de bureau),
programmation,Backend web,Frontend web,Base de données,
programmation,Applications mobiles,Backend web,
programmation,Backend web,Base de données,Frontend web,
programmation,Backend web,Base de données,Frontend web,Scripting,
programmation,Backend web,Base de données,Frontend web,
programmation,Backend web,Frontend web,
programmation,Applications natives (de bureau),
programmation,Backend web,
programmation,Aucun,
programmation,Frontend web,Backend web,
programmation,Jeux Vidéos,
programmation,Backend web,Frontend web,Scripting,
programmation,Scripting,Base de données,Frontend web,Backend web,
programmation,Backend web,Base de données,Frontend web,Scripting,
programmation,Backend web,Base de données,Frontend web,Scripting,Applications natives (de bureau),
programmation,Test automatisé,
programmation,Base de données,Frontend web,
programmation,Automatisation,
programmation,Backend web,Frontend web,Application Console,