programmation,Google Meet,Google Chat,
programmation,Teams,
programmation,Teams,Courriels,
programmation,Teams,Courriels,
programmation,Teams,Courriels,
programmation,Teams,
programmation,Discord,
programmation,Google Meet,En personne,ClickUp,
programmation,Discord,En personne,
programmation,Discord,En personne,
programmation,Teams,
programmation,Discord,Google Meet,Courriels,LinkedIn ,
programmation,Teams,Courriels,En personne,
programmation,Teams,Courriels,
programmation,En personne,Telephone,
programmation,Google Meet,Teams,Courriels,
programmation,Google Meet,Google Chat,
programmation,Teams,En personne,
programmation,Ringcentral,Teams,En personne,
programmation,Teams,En personne,
programmation,Teams,Courriels,
programmation,Teams,En personne,
programmation,Teams,Courriels,En personne,
programmation,Teams,
programmation,Courriels,En personne,WhatsApp,
programmation,Slack,Teams,Courriels,En personne,
programmation,Teams,
programmation,Teams,Courriels,En personne,
programmation,Discord,
programmation,Teams,Courriels,
programmation,En personne,IMessage,
programmation,Teams,En personne,
programmation,Teams,En personne,
reseautique,Courriels,Webex,
reseautique,Discord,Teams,Courriels,En personne,
reseautique,Teams,En personne,
reseautique,Teams,Courriels,En personne,
reseautique,Teams,Courriels,En personne,
reseautique,Courriels,Teams,En personne,
reseautique,Teams,Courriels,
reseautique,Teams,Courriels,
reseautique,Teams,Courriels,En personne,
reseautique,Teams,Courriels,
reseautique,Teams,
reseautique,Teams,Courriels,En personne,
reseautique,Teams,Courriels,En personne,
reseautique,Teams,Courriels,En personne,Téléphone,
reseautique,Teams,En personne,
reseautique,Teams,Courriels,
reseautique,Teams,Courriels,En personne,
reseautique,Teams,
reseautique,Teams,Courriels,En personne,
