programmation,Oui et je vais travailler au même endroit où j'ai fais mon stage (à temps partiel)
programmation,Non
programmation,Non
programmation,Non
programmation,Oui et je vais travailler au même endroit où j'ai fais mon stage (à temps plein)
programmation,Oui et mais l'offre d'emploi n'est pas où j'ai fais mon stage (temps plein)
programmation,Non
programmation,Non
programmation,Non
programmation,Non
programmation,Non
programmation,Non
programmation,Non
programmation,Oui et je vais travailler au même endroit où j'ai fais mon stage (à temps plein)
programmation,Oui et je vais travailler au même endroit où j'ai fais mon stage (à temps plein)
programmation,Oui et je vais travailler au même endroit où j'ai fais mon stage (à temps plein)
programmation,Oui et je vais travailler au même endroit où j'ai fais mon stage (à temps plein)
programmation,Oui et je vais travailler au même endroit où j'ai fais mon stage (à temps plein)
programmation,Oui et je vais travailler au même endroit où j'ai fais mon stage (à temps plein)
programmation,Non
programmation,Non
programmation,Non
programmation,Oui et je vais travailler au même endroit où j'ai fais mon stage (à temps plein)
programmation,Non
programmation,Non
programmation,Non
programmation,Non
programmation,Non
programmation,Oui et je vais travailler au même endroit où j'ai fais mon stage (à temps partiel)
programmation,Non
programmation,Non
programmation,Non
programmation,Non
reseautique,Non
reseautique,Oui je vais travailler au même endroit où j'ai fais mon stage (à temps partiel)
reseautique,Non
reseautique,Non
reseautique,Oui je vais travailler au même endroit où j'ai fais mon stage (à temps plein)
reseautique,Non
reseautique,Oui je vais travailler au même endroit où j'ai fais mon stage (à temps plein)
reseautique,Oui mais l'offre d'emploi n'est pas où j'ai fais mon stage (temps partiel)
reseautique,Oui je vais travailler au même endroit où j'ai fais mon stage (à temps plein)
reseautique,Oui je vais travailler au même endroit où j'ai fais mon stage (à temps plein)
reseautique,Oui je vais travailler au même endroit où j'ai fais mon stage (à temps plein)
reseautique,Oui je vais travailler au même endroit où j'ai fais mon stage (à temps plein)
reseautique,Oui je vais travailler au même endroit où j'ai fais mon stage (à temps plein)
reseautique,Oui je vais travailler au même endroit où j'ai fais mon stage (à temps plein)
reseautique,Oui je vais travailler au même endroit où j'ai fais mon stage (à temps plein)
reseautique,Oui je vais travailler au même endroit où j'ai fais mon stage (à temps plein)
reseautique,Oui je vais travailler au même endroit où j'ai fais mon stage (à temps plein)
reseautique,Non
reseautique,Oui je vais travailler au même endroit où j'ai fais mon stage (à temps plein)