programmation,Oui à temps plein
programmation,Non
programmation,Non
programmation,Oui à temps plein
programmation,Non
programmation,Non
programmation,Oui à temps plein
programmation,Oui à temps plein
programmation,Oui à temps plein
programmation,Non
programmation,Oui à temps plein
programmation,Oui à temps plein
programmation,Oui à temps plein
programmation,Oui à temps plein
programmation,Non
programmation,Non
programmation,Non
programmation,Non
programmation,Non
programmation,Oui à temps plein
programmation,Oui à temps plein
programmation,Non
programmation,Non
programmation,Oui à temps partiel
programmation,Oui à temps partiel
programmation,Oui à temps plein
programmation,Oui à temps plein
programmation,Oui à temps plein
programmation,Non
programmation,Non
programmation,Non
programmation,Non
programmation,Non
reseautique,Oui à temps plein
reseautique,Oui à temps plein
reseautique,Non
reseautique,Oui à temps plein
reseautique,Oui à temps plein
reseautique,Oui à temps partiel
reseautique,Non
reseautique,Oui à temps plein
reseautique,Non
reseautique,Non
reseautique,Oui à temps plein
reseautique,Non
reseautique,Non
reseautique,Non
reseautique,Oui à temps partiel
reseautique,Non
reseautique,Non
reseautique,Oui à temps plein
reseautique,Non
